t_s,cpu_cores,rss_mib,threads
0.501,0.0000,62.05,11
1.003,0.0000,62.08,11
1.509,0.0000,62.08,11
2.016,0.0000,62.08,11
2.518,0.0000,62.08,11
3.020,0.0000,62.08,11
3.522,0.0199,62.32,11
4.025,0.0000,62.32,11
4.532,0.0000,62.32,11
5.035,0.2589,63.24,11
5.539,0.1190,63.34,11
6.047,0.0590,63.34,11
6.554,0.0789,63.34,11
7.056,0.0598,63.34,11
7.557,0.0598,63.34,11
8.060,0.0796,63.34,11
8.562,0.0398,63.34,11
9.067,0.0595,63.34,11
9.571,0.0397,63.34,11
10.073,0.0797,63.34,11
10.575,0.0398,63.34,11
11.077,0.0796,63.34,11
11.580,0.0598,63.34,11
12.082,0.0598,63.34,11
12.589,0.0591,63.34,11
13.092,0.0597,63.34,11
13.598,0.0593,63.34,11
14.105,0.0592,63.34,11
14.608,0.0597,63.34,11
15.109,0.0798,63.34,11
15.611,0.0598,63.34,11
16.113,0.0598,63.34,11
16.615,0.0797,63.34,11
17.116,0.0599,63.34,11
17.622,0.0593,63.34,11
18.125,0.0596,63.34,11
18.627,0.0797,63.34,11
19.131,0.0596,63.34,11
19.633,0.0597,63.34,11
20.135,0.0598,63.34,11
20.637,0.0398,63.34,11
21.145,0.0591,63.34,11
21.646,0.0598,63.34,11
22.148,0.0598,63.34,11
22.649,0.0399,63.34,11
23.152,0.0596,63.34,11
23.655,0.0597,63.34,11
24.161,0.0790,63.34,11
24.664,0.0597,63.34,11
25.166,0.0598,63.34,11
25.667,0.0598,63.34,11
26.170,0.0796,63.34,11
26.671,0.0799,63.34,11
27.177,0.0593,63.34,11
27.679,0.0597,63.34,11
28.181,0.0797,63.34,11
28.693,0.0587,63.34,11
29.198,0.0594,63.34,11
29.700,0.0598,63.34,11
30.209,0.0589,63.34,11
30.715,0.0791,63.34,11
31.217,0.0597,63.34,11
31.719,0.0598,63.34,11
32.221,0.0597,63.34,11
32.725,0.0994,63.34,11
33.228,0.0398,63.34,11
33.731,0.0994,63.34,11
34.232,0.0598,63.34,11
34.741,0.0393,63.34,11
35.244,0.0795,63.34,11
35.745,0.0798,63.34,11
36.246,0.0599,63.34,11
36.748,0.0597,63.34,11
37.250,0.0797,63.34,11
37.755,0.0594,63.34,11
38.259,0.0795,63.34,11
38.759,0.0599,63.34,11
39.262,0.0597,63.34,11
39.764,0.0597,63.34,11
40.269,0.0595,63.34,11
40.775,0.0791,63.34,11
41.277,0.0597,63.34,11
41.782,0.0594,63.34,11
42.286,0.0596,63.34,11
42.793,0.0592,63.34,11
43.298,0.0990,63.34,11
43.800,0.0597,63.34,11
44.308,0.0590,63.34,11
44.814,0.0593,63.34,11
45.315,0.0599,63.34,11
45.816,0.0998,63.34,11
46.317,0.0599,63.34,11
46.818,0.0598,63.34,11
47.320,0.0598,63.34,11
47.826,0.0790,63.34,11
48.327,0.0599,63.34,11
48.834,0.0591,63.34,11
49.336,0.0598,63.34,11
49.844,0.0590,63.34,11
50.346,0.0598,63.34,11
50.847,0.0598,63.34,11
51.350,0.0796,63.34,11
51.852,0.0399,63.34,11
52.353,0.0399,63.34,11
52.856,0.0796,63.34,11
53.359,0.0398,63.34,11
53.860,0.0399,63.34,11
54.362,0.0598,63.34,11
54.863,0.0598,63.34,11
55.364,0.0599,63.34,11
55.865,0.0399,63.34,11
56.366,0.0599,63.34,11
56.867,0.0598,63.34,11
57.369,0.0797,63.34,11
57.871,0.0598,63.34,11
58.372,0.0598,63.34,11
58.874,0.0797,63.34,11
59.376,0.0399,63.34,11
59.877,0.0599,63.34,11
60.379,0.0597,63.34,11
60.881,0.0597,63.34,11
61.383,0.0797,63.34,11
61.885,0.0598,63.34,11
62.386,0.0798,63.34,11
62.889,0.0398,63.34,11
63.391,0.0796,63.34,11
63.893,0.0597,63.34,11
64.396,0.0597,63.34,11
64.899,0.0597,63.34,11
65.400,0.0798,63.34,11
65.903,0.0597,63.34,11
66.405,0.0598,63.34,11
66.907,0.0796,63.34,11
67.409,0.0598,63.34,11
67.910,0.0599,63.34,11
68.411,0.0598,63.34,11
68.912,0.0599,63.34,11
69.416,0.0595,63.34,11
69.918,0.0598,63.34,11
70.419,0.0599,63.34,11
70.920,0.0798,63.34,11
71.423,0.0597,63.34,11
71.924,0.0598,63.34,11
72.426,0.0598,63.34,11
72.928,0.0598,63.34,11
73.429,0.0798,63.34,11
73.931,0.0598,63.34,11
74.434,0.0597,63.34,11
74.935,0.0798,63.34,11
75.438,0.0597,63.34,11
75.939,0.0598,63.34,11
76.442,0.0596,63.34,11
76.945,0.0597,63.34,11
77.446,0.0798,63.34,11
77.948,0.0398,63.34,11
78.450,0.0597,63.34,11
78.953,0.0796,63.34,11
79.454,0.0598,63.34,11
79.956,0.0399,63.34,11
80.458,0.0598,63.34,11
80.960,0.0797,63.34,11
81.462,0.0797,63.34,11
81.963,0.0598,63.34,11
82.464,0.0599,63.34,11
82.965,0.0599,63.34,11
83.468,0.0597,63.34,11
83.970,0.0598,63.34,11
84.471,0.0798,63.34,11
84.972,0.0599,63.34,11
85.474,0.0598,63.34,11
85.976,0.0598,63.38,11
86.477,0.0599,63.38,11
86.979,0.0797,63.38,11
87.480,0.0599,63.38,11
87.982,0.0597,63.38,11
88.484,0.0597,63.38,11
88.986,0.0598,63.38,11
89.488,0.0598,63.38,11
89.990,0.0597,63.38,11
90.492,0.0398,63.38,11
90.994,0.0797,63.38,11
91.496,0.0598,63.38,11
91.997,0.0798,63.38,11
92.500,0.0398,63.38,11
93.001,0.0798,63.38,11
93.503,0.0598,63.38,11
94.007,0.0595,63.38,11
94.508,0.0399,63.38,11
95.009,0.0797,63.38,11
95.511,0.0797,63.38,11
96.015,0.0397,63.38,11
96.517,0.0796,63.38,11
97.019,0.0796,63.38,11
97.522,0.0398,63.38,11
98.024,0.0597,63.38,11
98.535,0.0587,63.38,11
99.041,0.0395,63.38,11
99.544,0.0795,63.38,11
100.045,0.0399,63.38,11
100.548,0.0597,63.38,11
101.049,0.0798,63.38,11
101.551,0.0399,63.38,11
102.054,0.0795,63.38,11
102.555,0.0598,63.38,11
103.057,0.0797,63.38,11
103.558,0.0599,63.38,11
104.061,0.0596,63.38,11
104.562,0.0598,63.38,11
105.063,0.0599,63.38,11
105.565,0.0797,63.38,11
106.067,0.0598,63.38,11
106.578,0.0587,63.38,11
107.082,0.0596,63.38,11
107.585,0.0597,63.38,11
108.090,0.0594,63.38,11
108.593,0.0597,63.38,11
109.103,0.0588,63.38,11
109.608,0.0594,63.38,11
110.112,0.0596,63.38,11
110.613,0.0399,63.38,11
111.115,0.0399,63.38,11
111.617,0.0797,63.38,11
112.119,0.0598,63.38,11
112.620,0.0399,63.38,11
113.123,0.0796,63.38,11
113.624,0.0399,63.38,11
114.127,0.0597,63.38,11
114.628,0.0598,63.38,11
115.131,0.0796,63.38,11
115.632,0.0598,63.38,11
116.134,0.0399,63.38,11
116.637,0.0596,63.38,11
117.140,0.0597,63.38,11
117.641,0.0599,63.38,11
118.142,0.0798,63.38,11
118.644,0.0598,63.38,11
119.147,0.0597,63.38,11
119.648,0.0599,63.38,11
120.150,0.0398,63.38,11
120.651,0.0598,63.38,11
121.154,0.0597,63.38,11
121.655,0.0598,63.38,11
122.158,0.0597,63.38,11
122.659,0.0799,63.38,11
123.160,0.0199,63.38,11
123.664,0.0199,63.33,11
124.167,0.0000,63.31,11
124.672,0.0000,63.31,11
